Clean Name,Name,Hex (24 bit),Red (8 bit),Green (8 bit),Blue (8 bit),Hue (degrees),HSL.S (%),"HSL.L (%), HSV.S (%), HSV.V (%)"
Absolute,Absolute zero,#0048BA,0,72,186,217,100,37
Acid,Acid green,#B0BF1A,176,191,26,65,76,43
Aero,Aero,#7CB9E8,124,185,232,206,70,70
Aero,Aero blue,#C9FFE5,201,255,229,151,100,89
African,African violet,#B284BE,178,132,190,288,31,63
Air,Air Force blue (RAF),#5D8AA8,93,138,168,204,30,51
Air,Air Force blue (USAF),#00308F,0,48,143,220,100,28
Air,Air superiority blue,#72A0C1,114,160,193,205,39,60
Alabama,Alabama crimson,#AF002A,175,0,42,346,100,34
Alabaster,Alabaster,#F2F0E6,242,240,230,346,32,93
Alice,Alice blue,#F0F8FF,240,248,255,208,100,97
Alien,Alien Armpit,#84DE02,132,222,2,85,98,44
Alizarin,Alizarin crimson,#E32636,227,38,54,355,77,52
Alloy,Alloy orange,#C46210,196,98,16,27,85,42
Almond,Almond,#EFDECD,239,222,205,30,52,87
Amaranth,Amaranth,#E52B50,229,43,80,348,78,53
Amaranth,Amaranth deep purple,#9F2B68,159,43,104,328,57,40
Amaranth,Amaranth pink,#F19CBB,241,156,187,338,75,78
Amaranth,Amaranth purple,#AB274F,171,39,79,342,63,41
Amaranth,Amaranth red,#D3212D,211,33,45,356,73,48
Amazon,Amazon,#3B7A57,59,122,87,147,35,35
Amazonite,Amazonite,#00C4B0,0,196,176,356,100,38
Amber,Amber,#FFBF00,255,191,0,45,100,50
Amber,Amber (SAE/ECE),#FF7E00,255,126,0,30,100,50
American,American rose,#FF033E,255,3,62,346,100,51
Amethyst,Amethyst,#9966CC,153,102,204,270,50,60
Android,Android green,#A4C639,164,198,57,74,55,50
Anti-flash,Anti-flash white,#F2F3F4,242,243,244,210,8,95
Antique,Antique brass,#CD9575,205,149,117,22,47,63
Antique,Antique bronze,#665D1E,102,93,30,53,55,26
Antique,Antique fuchsia,#915C83,145,92,131,316,22,46
Antique,Antique ruby,#841B2D,132,27,45,350,66,31
Antique,Antique white,#FAEBD7,250,235,215,34,78,91
Ao,Ao (English),#008000,0,128,0,120,100,25
Apple,Apple green,#8DB600,141,182,0,74,100,36
Apricot,Apricot,#FBCEB1,251,206,177,24,90,84
Aqua,Aqua,#00FFFF,0,255,255,180,100,50
Aquamarine,Aquamarine,#7FFFD4,127,255,212,160,100,75
Arctic,Arctic lime,#D0FF14,208,255,20,72,100,54
Army,Army green,#4B5320,75,83,32,69,44,23
Arsenic,Arsenic,#3B444B,59,68,75,206,12,26
Artichoke,Artichoke,#8F9779,143,151,121,76,13,53
Arylide,Arylide yellow,#E9D66B,233,214,107,51,74,67
Ash,Ash grey,#B2BEB5,178,190,181,135,8,72
Asparagus,Asparagus,#87A96B,135,169,107,93,26,54
Atomic,Atomic tangerine,#FF9966,255,153,102,20,100,70
Auburn,Auburn,#A52A2A,165,42,42,0,59,41
Aureolin,Aureolin,#FDEE00,253,238,0,56,100,50
AuroMetalSaurus,AuroMetalSaurus,#6E7F80,110,127,128,183,8,47
Avocado,Avocado,#568203,86,130,3,81,95,26
Awesome,Awesome,#FF2052,255,32,82,81,95,56
Aztec,Aztec Gold,#C39953,195,153,83,38,48,55
Azure,Azure,#007FFF,0,127,255,210,100,50
Azure,Azure (web color),#F0FFFF,240,255,255,180,100,97
Azure,Azure mist,#F0FFFF,240,255,255,180,100,97
Azureish,Azureish white,#DBE9F4,219,233,244,206,53,91
Baby,Baby blue,#89CFF0,137,207,240,199,77,74
Baby,Baby blue eyes,#A1CAF1,161,202,241,209,74,79
Baby,Baby pink,#F4C2C2,244,194,194,0,69,86
Baby,Baby powder,#FEFEFA,254,254,250,60,67,99
Baker-Miller,Baker-Miller pink,#FF91AF,255,145,175,344,100,78
Ball,Ball blue,#21ABCD,33,171,205,192,72,47
Banana,Banana Mania,#FAE7B5,250,231,181,43,87,85
Banana,Banana yellow,#FFE135,255,225,53,51,100,60
Bangladesh,Bangladesh green,#006A4E,0,106,78,164,100,21
Barbie,Barbie pink,#E0218A,224,33,138,327,75,50
Barn,Barn red,#7C0A02,124,10,2,4,97,25
Battery,Battery Charged Blue,#1DACD6,29,172,214,194,76,48
Battleship,Battleship grey,#848482,132,132,130,60,1,51
Bazaar,Bazaar,#98777B,152,119,123,353,14,53
Beau,Beau blue,#BCD4E6,188,212,230,206,46,82
Beaver,Beaver,#9F8170,159,129,112,22,20,53
Begonia,Begonia,#FA6E79,250,110,121,355,93,71
Beige,Beige,#F5F5DC,245,245,220,60,56,91
B'dazzled,B'dazzled blue,#2E5894,46,88,148,215,53,38
Big,Big dip o’ruby,#9C2542,156,37,66,345,62,38
Big,Big Foot Feet,#E88E5A,232,142,90,22,76,63
Bisque,Bisque,#FFE4C4,255,228,196,33,100,88
Bistre,Bistre,#3D2B1F,61,43,31,24,33,18
Bistre,Bistre brown,#967117,150,113,23,43,73,34
Bitter,Bitter lemon,#CAE00D,202,224,13,66,89,46
Bitter,Bitter lime,#BFFF00,191,255,0,75,100,50
Bittersweet,Bittersweet,#FE6F5E,254,111,94,6,99,68
Bittersweet,Bittersweet shimmer,#BF4F51,191,79,81,359,47,53
Black,Black,#000000,0,0,0,0,0,0
Black,Black bean,#3D0C02,61,12,2,10,94,12
Black,Black Coral,#54626F,84,98,111,209,14,38
Black,Black leather jacket,#253529,37,53,41,135,18,18
Black,Black olive,#3B3C36,59,60,54,70,5,22
Black,Black Shadows,#BFAFB2,191,175,178,349,11,72
Blanched,Blanched almond,#FFEBCD,255,235,205,36,100,90
Blast-off,Blast-off bronze,#A57164,165,113,100,12,27,52
Bleu,Bleu de France,#318CE7,49,140,231,210,79,55
Blizzard,Blizzard Blue,#ACE5EE,172,229,238,188,66,80
Blond,Blond,#FAF0BE,250,240,190,50,86,86
Blue,Blue,#0000FF,0,0,255,240,100,50
Blue,Blue (Crayola),#1F75FE,31,117,254,217,99,56
Blue,Blue (Munsell),#0093AF,0,147,175,190,100,34
Blue,Blue (NCS),#0087BD,0,135,189,197,100,37
Blue,Blue (Pantone),#0018A8,0,24,168,231,100,33
Blue,Blue (pigment),#333399,51,51,153,240,50,40
Blue,Blue (RYB),#0247FE,2,71,254,224,99,50
Blue,Blue Bell,#A2A2D0,162,162,208,240,33,73
Blue,Blue Bolt,#00B9FB,0,185,251,196,100,49
Blue-gray,Blue-gray,#6699CC,102,153,204,210,50,60
Blue-green,Blue-green,#0D98BA,13,152,186,192,87,39
Blue,Blue Jeans,#5DADEC,93,173,236,206,79,65
Blue,Blue Lagoon,#ACE5EE,172,229,238,188,66,80
Blue-magenta,Blue-magenta violet,#553592,85,53,146,261,47,39
Blue,Blue sapphire,#126180,18,97,128,197,75,29
Blue-violet,Blue-violet,#8A2BE2,138,43,226,271,76,53
Blue,Blue yonder,#5072A7,80,114,167,217,35,48
Blueberry,Blueberry,#4F86F7,79,134,247,220,91,64
Bluebonnet,Bluebonnet,#1C1CF0,28,28,240,240,88,53
Blush,Blush,#DE5D83,222,93,131,342,66,62
Bole,Bole,#79443B,121,68,59,9,34,35
Bondi,Bondi blue,#0095B6,0,149,182,191,100,36
Bone,Bone,#E3DAC9,227,218,201,39,32,84
Booger,Booger Buster,#DDE26A,221,226,106,63,67,65
Boston,Boston University Red,#CC0000,204,0,0,0,100,40
Bottle,Bottle green,#006A4E,0,106,78,164,100,21
Boysenberry,Boysenberry,#873260,135,50,96,328,46,36
Brandeis,Brandeis blue,#0070FF,0,112,255,214,100,50
Brass,Brass,#B5A642,181,166,66,52,47,48
Brick,Brick red,#CB4154,203,65,84,352,57,53
Bright,Bright cerulean,#1DACD6,29,172,214,194,76,48
Bright,Bright green,#66FF00,102,255,0,96,100,50
Bright,Bright lavender,#BF94E4,191,148,228,272,60,74
Bright,Bright lilac,#D891EF,216,145,239,285,75,75
Bright,Bright maroon,#C32148,195,33,72,346,71,45
Bright,Bright navy blue,#1974D2,25,116,210,210,79,46
Bright,Bright pink,#FF007F,255,0,127,330,100,50
Bright,Bright turquoise,#08E8DE,8,232,222,177,93,47
Bright,Bright ube,#D19FE8,209,159,232,281,61,77
Bright,Bright Yellow (Crayola),#FFAA1D,255,170,29,37,100,56
Brilliant,Brilliant azure,#3399FF,51,153,255,210,100,60
Brilliant,Brilliant lavender,#F4BBFF,244,187,255,290,100,87
Brilliant,Brilliant rose,#FF55A3,255,85,163,332,100,67
Brink,Brink pink,#FB607F,251,96,127,348,95,68
British,British racing green,#004225,0,66,37,154,100,13
Bronze,Bronze,#CD7F32,205,127,50,30,61,50
Bronze,Bronze Yellow,#737000,115,112,0,58,100,23
Brown,Brown (traditional),#964B00,150,75,0,30,100,29
Brown,Brown (web),#A52A2A,165,42,42,0,59,41
Brown-nose,Brown-nose,#6B4423,107,68,35,28,51,28
Brown,Brown Sugar,#AF6E4D,175,110,77,20,39,49
Brown,Brown Yellow,#cc9966,204,153,102,30,50,60
Brunswick,Brunswick green,#1B4D3E,27,77,62,162,48,20
Bubble,Bubble gum,#FFC1CC,255,193,204,349,100,88
Bubbles,Bubbles,#E7FEFF,231,254,255,183,100,95
Bud,Bud green,#7BB661,123,182,97,102,37,55
Buff,Buff,#F0DC82,240,220,130,49,79,73
Bulgarian,Bulgarian rose,#480607,72,6,7,359,85,15
Burgundy,Burgundy,#800020,128,0,32,345,100,25
Burlywood,Burlywood,#DEB887,222,184,135,34,57,70
Burnished,Burnished Brown,#A17A74,161,122,116,8,19,54
Burnt,Burnt orange,#CC5500,204,85,0,25,100,40
Burnt,Burnt sienna,#E97451,233,116,81,14,78,62
Burnt,Burnt umber,#8A3324,138,51,36,9,59,34
Byzantine,Byzantine,#BD33A4,189,51,164,311,58,47
Byzantium,Byzantium,#702963,112,41,99,311,46,30
Cadet,Cadet,#536872,83,104,114,199,16,39
Cadet,Cadet blue,#5F9EA0,95,158,160,182,25,50
Cadet,Cadet grey,#91A3B0,145,163,176,205,16,63
Cadmium,Cadmium green,#006B3C,0,107,60,154,100,21
Cadmium,Cadmium orange,#ED872D,237,135,45,28,84,55
Cadmium,Cadmium red,#E30022,227,0,34,351,100,45
Cadmium,Cadmium yellow,#FFF600,255,246,0,58,100,50
Café,Café au lait,#A67B5B,166,123,91,26,30,50
Café,Café noir,#4B3621,75,54,33,30,39,21
Cal,Cal Poly Pomona green,#1E4D2B,30,77,43,137,44,21
Cambridge,Cambridge Blue,#A3C1AD,163,193,173,140,19,70
Camel,Camel,#C19A6B,193,154,107,33,41,59
Cameo,Cameo pink,#EFBBCC,239,187,204,340,62,84
Camouflage,Camouflage green,#78866B,120,134,107,91,11,47
Canary,Canary,#FFFF99,255,255,153,60,100,80
Canary,Canary yellow,#FFEF00,255,239,0,56,100,50
Candy,Candy apple red,#FF0800,255,8,0,2,100,50
Candy,Candy pink,#E4717A,228,113,122,355,68,67
Capri,Capri,#00BFFF,0,191,255,195,100,50
Caput,Caput mortuum,#592720,89,39,32,7,47,24
Cardinal,Cardinal,#C41E3A,196,30,58,350,73,44
Caribbean,Caribbean green,#00CC99,0,204,153,165,100,40
Carmine,Carmine,#960018,150,0,24,350,100,29
Carmine,Carmine (M&P),#D70040,215,0,64,342,100,42
Carmine,Carmine pink,#EB4C42,235,76,66,4,81,59
Carmine,Carmine red,#FF0038,255,0,56,347,100,50
Carnation,Carnation pink,#FFA6C9,255,166,201,336,100,83
Carnelian,Carnelian,#B31B1B,179,27,27,0,74,40
Carolina,Carolina blue,#56A0D3,86,160,211,204,59,58
Carrot,Carrot orange,#ED9121,237,145,33,33,85,53
Castleton,Castleton green,#00563F,0,86,63,164,100,17
Catalina,Catalina blue,#062A78,6,42,120,221,90,25
Catawba,Catawba,#703642,112,54,66,348,35,33
Cedar,Cedar Chest,#C95A49,201,90,73,8,54,54
Ceil,Ceil,#92A1CF,146,161,207,225,39,69
Celadon,Celadon,#ACE1AF,172,225,175,123,47,78
Celadon,Celadon blue,#007BA7,0,123,167,196,100,33
Celadon,Celadon green,#2F847C,47,132,124,174,47,35
Celeste,Celeste,#B2FFFF,178,255,255,180,100,85
Celestial,Celestial blue,#4997D0,73,151,208,205,59,55
Cerise,Cerise,#DE3163,222,49,99,343,72,53
Cerise,Cerise pink,#EC3B83,236,59,131,336,82,58
Cerulean,Cerulean,#007BA7,0,123,167,196,100,33
Cerulean,Cerulean blue,#2A52BE,42,82,190,224,64,45
Cerulean,Cerulean frost,#6D9BC3,109,155,195,208,42,60
CG,CG Blue,#007AA5,0,122,165,196,100,32
CG,CG Red,#E03C31,224,60,49,4,74,54
Chamoisee,Chamoisee,#A0785A,160,120,90,26,28,49
Champagne,Champagne,#F7E7CE,247,231,206,37,72,89
Champagne,Champagne pink,#F1DDCF,241,221,207,25,55,88
Charcoal,Charcoal,#36454F,54,69,79,204,19,26
Charleston,Charleston green,#232B2B,35,43,43,180,10,15
Charm,Charm pink,#E68FAC,230,143,172,340,64,73
Chartreuse,Chartreuse (traditional),#DFFF00,223,255,0,68,100,50
Chartreuse,Chartreuse (web),#7FFF00,127,255,0,90,100,50
Cherry,Cherry,#DE3163,222,49,99,343,72,53
Cherry,Cherry blossom pink,#FFB7C5,255,183,197,348,100,86
Chestnut,Chestnut,#954535,149,69,53,10,48,40
China,China pink,#DE6FA1,222,111,161,333,63,65
China,China rose,#A8516E,168,81,110,340,35,49
Chinese,Chinese red,#AA381E,170,56,30,11,70,39
Chinese,Chinese violet,#856088,133,96,136,296,17,45
Chlorophyll,Chlorophyll green,#4AFF00,74,255,0,103,100,50
Chocolate,Chocolate (traditional),#7B3F00,123,63,0,31,100,24
Chocolate,Chocolate (web),#D2691E,210,105,30,25,75,47
Chrome,Chrome yellow,#FFA700,255,167,0,39,100,50
Cinereous,Cinereous,#98817B,152,129,123,12,12,54
Cinnabar,Cinnabar,#E34234,227,66,52,5,76,55
Cinnamon[citation,Cinnamon[citation needed],#D2691E,210,105,30,25,75,47
Cinnamon,Cinnamon Satin,#CD607E,205,96,126,343,52,59
Citrine,Citrine,#E4D00A,228,208,10,54,92,47
Citron,Citron,#9FA91F,158,169,31,64,69,39
Claret,Claret,#7F1734,127,23,52,343,69,29
Classic,Classic rose,#FBCCE7,251,204,231,326,85,89
Cobalt,Cobalt Blue,#0047AB,0,71,171,215,100,34
Cocoa,Cocoa brown,#D2691E,210,105,30,25,75,47
Coconut,Coconut,#965A3E,150,90,62,19,42,42
Coffee,Coffee,#6F4E37,111,78,55,25,34,33
Columbia,Columbia Blue,#C4D8E2,196,216,226,200,34,83
Congo,Congo pink,#F88379,248,131,121,5,90,72
Cool,Cool Black,#002E63,0,46,99,212,100,19
Cool,Cool grey,#8C92AC,140,146,172,229,16,61
Copper,Copper,#B87333,184,115,51,29,57,46
Copper,Copper (Crayola),#DA8A67,218,138,103,18,61,63
Copper,Copper penny,#AD6F69,173,111,105,5,29,55
Copper,Copper red,#CB6D51,203,109,81,14,54,56
Copper,Copper rose,#996666,153,102,102,0,20,50
Coquelicot,Coquelicot,#FF3800,255,56,0,13,100,50
Coral,Coral,#FF7F50,255,127,80,16,100,66
Coral,Coral pink,#F88379,248,131,121,5,90,72
Coral,Coral red,#FF4040,255,64,64,0,100,63
Coral,Coral Reef,#FD7C6E,253,124,110,6,97,71
Cordovan,Cordovan,#893F45,137,63,69,355,37,39
Corn,Corn,#FBEC5D,251,236,93,54,95,67
Cornell,Cornell Red,#B31B1B,179,27,27,0,74,40
Cornflower,Cornflower blue,#6495ED,100,149,237,219,79,66
Cornsilk,Cornsilk,#FFF8DC,255,248,220,48,100,93
Cosmic,Cosmic Cobalt,#2E2D88,46,45,136,241,50,36
Cosmic,Cosmic latte,#FFF8E7,255,248,231,43,100,95
Coyote,Coyote brown,#81613C,129,97,60,62,37,37
Cotton,Cotton candy,#FFBCD9,255,188,217,334,100,87
Cream,Cream,#FFFDD0,255,253,208,57,100,91
Crimson,Crimson,#DC143C,220,20,60,348,83,47
Crimson,Crimson glory,#BE0032,190,0,50,344,100,37
Crimson,Crimson red,#990000,153,0,0,0,100,30
Cultured,Cultured,#F5F5F5,245,245,245,0,0,96
Cyan,Cyan,#00FFFF,0,255,255,180,100,50
Cyan,Cyan azure,#4E82B4,78,130,180,209,41,51
Cyan-blue,Cyan-blue azure,#4682BF,70,130,191,210,49,51
Cyan,Cyan cobalt blue,#28589C,40,88,156,215,59,38
Cyan,Cyan cornflower blue,#188BC2,24,139,194,199,78,43
Cyan,Cyan (process),#00B7EB,0,183,235,193,100,46
Cyber,Cyber grape,#58427C,88,66,124,263,31,37
Cyber,Cyber yellow,#FFD300,255,211,0,50,100,50
Cyclamen,Cyclamen,#F56FA1,245,111,161,0,87,70
Daffodil,Daffodil,#FFFF31,255,255,49,60,100,60
Dandelion,Dandelion,#F0E130,240,225,48,55,86,56
Dark,Dark blue,#00008B,0,0,139,240,100,27
Dark,Dark blue-gray,#666699,102,102,153,240,20,50
Dark,Dark brown,#654321,101,67,33,30,51,26
Dark,Dark brown-tangelo,#88654E,136,101,78,24,27,42
Dark,Dark byzantium,#5D3954,93,57,84,315,24,29
Dark,Dark candy apple red,#A40000,164,0,0,0,100,32
Dark,Dark cerulean,#08457E,8,69,126,209,88,26
Dark,Dark chestnut,#986960,152,105,96,10,23,49
Dark,Dark coral,#CD5B45,205,91,69,10,58,54
Dark,Dark cyan,#008B8B,0,139,139,180,100,27
Dark,Dark electric blue,#536878,83,104,120,206,18,40
Dark,Dark goldenrod,#B8860B,184,134,11,43,89,38
Dark,Dark gray (X11),#A9A9A9,169,169,169,0,0,66
Dark,Dark green,#013220,1,50,32,158,96,10
Dark,Dark green (X11),#006400,0,100,0,120,100,20
Dark,Dark gunmetal,#1F262A,31,38,42,202,15,14
Dark,Dark imperial blue,#00416A,0,65,106,203,100,21
Dark,Dark imperial blue,#00147E,0,20,126,183,100,25
Dark,Dark jungle green,#1A2421,26,36,33,162,16,12
Dark,Dark khaki,#BDB76B,189,183,107,56,38,58
Dark,Dark lava,#483C32,72,60,50,27,18,24
Dark,Dark lavender,#734F96,115,79,150,270,31,45
Dark,Dark liver,#534B4F,83,75,79,330,5,31
Dark,Dark liver (horses),#543D37,84,61,55,12,21,27
Dark,Dark magenta,#8B008B,139,0,139,300,100,27
Dark,Dark medium gray,#A9A9A9,169,169,169,0,0,66
Dark,Dark midnight blue,#003366,0,51,102,210,100,20
Dark,Dark moss green,#4A5D23,74,93,35,80,45,25
Dark,Dark olive green,#556B2F,85,107,47,82,39,30
Dark,Dark orange,#FF8C00,255,140,0,33,100,50
Dark,Dark orchid,#9932CC,153,50,204,280,61,50
Dark,Dark pastel blue,#779ECB,119,158,203,212,45,63
Dark,Dark pastel green,#03C03C,3,192,60,138,97,38
Dark,Dark pastel purple,#966FD6,150,111,214,263,56,64
Dark,Dark pastel red,#C23B22,194,59,34,9,70,45
Dark,Dark pink,#E75480,231,84,128,342,75,62
Dark,Dark powder blue,#003399,0,51,153,220,100,30
Dark,Dark puce,#4F3A3C,79,58,60,354,15,27
Dark,Dark purple,#301934,48,25,52,291,35,15
Dark,Dark raspberry,#872657,135,38,87,330,56,34
Dark,Dark red,#8B0000,139,0,0,0,100,27
Dark,Dark salmon,#E9967A,233,150,122,15,72,70
Dark,Dark scarlet,#560319,86,3,25,344,93,17
Dark,Dark sea green,#8FBC8F,143,188,143,120,25,65
Dark,Dark sienna,#3C1414,60,20,20,0,50,16
Dark,Dark sky blue,#8CBED6,140,190,214,199,47,69
Dark,Dark slate blue,#483D8B,72,61,139,248,39,39
Dark,Dark slate gray,#2F4F4F,47,79,79,180,25,25
Dark,Dark spring green,#177245,23,114,69,150,66,27
Dark,Dark tan,#918151,145,129,81,45,28,44
Dark,Dark tangerine,#FFA812,255,168,18,38,100,54
Dark,Dark taupe,#483C32,72,60,50,27,18,24
Dark,Dark terra cotta,#CC4E5C,204,78,92,353,55,55
Dark,Dark turquoise,#00CED1,0,206,209,181,100,41
Dark,Dark vanilla,#D1BEA8,209,190,168,32,31,74
Dark,Dark violet,#9400D3,148,0,211,282,100,41
Dark,Dark yellow,#9B870C,155,135,12,52,86,33
Dartmouth,Dartmouth green,#00703C,0,112,60,152,100,22
Davy's,Davy's grey,#555555,85,85,85,0,0,33
Debian,Debian red,#D70A53,215,10,83,339,91,44
Deep,Deep aquamarine,#40826D,64,130,109,161,34,38
Deep,Deep carmine,#A9203E,169,32,62,347,68,39
Deep,Deep carmine pink,#EF3038,239,48,56,357,86,56
Deep,Deep carrot orange,#E9692C,233,105,44,19,81,54
Deep,Deep cerise,#DA3287,218,50,135,330,69,53
Deep,Deep champagne,#FAD6A5,250,214,165,35,90,81
Deep,Deep chestnut,#B94E48,185,78,72,3,45,50
Deep,Deep coffee,#704241,112,66,65,1,27,35
Deep,Deep fuchsia,#C154C1,193,84,193,300,47,54
Deep,Deep Green,#056608,5,102,8,122,91,21
Deep,Deep green-cyan turquoise,#0E7C61,14,124,97,165,80,27
Deep,Deep jungle green,#004B49,0,75,73,178,100,15
Deep,Deep koamaru,#333366,51,51,102,240,33,30
Deep,Deep lemon,#F5C71A,245,199,26,47,92,53
Deep,Deep lilac,#9955BB,153,85,187,280,43,53
Deep,Deep magenta,#CC00CC,204,0,204,300,100,40
Deep,Deep maroon,#820000,130,0,0,0,100,26
Deep,Deep mauve,#D473D4,212,115,212,300,53,64
Deep,Deep moss green,#355E3B,53,94,59,129,28,29
Deep,Deep peach,#FFCBA4,255,203,164,26,100,82
Deep,Deep pink,#FF1493,255,20,147,328,100,54
Deep,Deep puce,#A95C68,169,92,104,351,31,51
Deep,Deep Red,#850101,133,1,1,0,99,26
Deep,Deep ruby,#843F5B,132,63,91,336,35,38
Deep,Deep saffron,#FF9933,255,153,51,30,100,60
Deep,Deep sky blue,#00BFFF,0,191,255,195,100,50
Deep,Deep Space Sparkle,#4A646C,74,100,108,194,19,36
Deep,Deep spring bud,#556B2F,85,107,47,82,39,30
Deep,Deep Taupe,#7E5E60,126,94,96,356,15,43
Deep,Deep Tuscan red,#66424D,102,66,77,342,21,33
Deep,Deep violet,#330066,51,0,102,270,100,20
Deer,Deer,#BA8759,186,135,89,28,41,54
Denim,Denim,#1560BD,21,96,189,213,80,41
Denim,Denim Blue,#2243B6,34,67,182,227,69,42
Desaturated,Desaturated cyan,#669999,102,153,153,180,20,50
Desert,Desert,#C19A6B,193,154,107,33,41,59
Desert,Desert sand,#EDC9AF,237,201,175,25,63,81
Desire,Desire,#EA3C53,234,60,83,352,81,58
Diamond,Diamond,#B9F2FF,185,242,255,191,100,86
Dim,Dim gray,#696969,105,105,105,0,0,41
Dingy,Dingy Dungeon,#C53151,197,49,81,347,60,48
Dirt,Dirt,#9B7653,155,118,83,29,30,47
Dodger,Dodger blue,#1E90FF,30,144,255,210,100,56
Dogwood,Dogwood rose,#D71868,215,24,104,335,80,47
Dollar,Dollar bill,#85BB65,133,187,101,98,39,56
Dolphin,Dolphin Gray,#828E84,130,142,132,130,5,53
Donkey,Donkey brown,#664C28,102,76,40,35,44,28
Drab,Drab,#967117,150,113,23,43,73,34
Duke,Duke blue,#00009C,0,0,156,240,100,31
Dust,Dust storm,#E5CCC9,229,204,201,6,35,84
Dutch,Dutch white,#EFDFBB,239,223,187,42,62,84
Earth,Earth yellow,#E1A95F,225,169,95,34,68,63
Ebony,Ebony,#555D50,85,93,80,97,8,34
Ecru,Ecru,#C2B280,194,178,128,45,35,63
Eerie,Eerie black,#1B1B1B,27,27,27,0,0,11
Eggplant,Eggplant,#614051,97,64,81,329,20,32
Eggshell,Eggshell,#F0EAD6,240,234,214,46,46,89
Egyptian,Egyptian blue,#1034A6,16,52,166,226,82,36
Electric,Electric blue,#7DF9FF,125,249,255,183,100,75
Electric,Electric crimson,#FF003F,255,0,63,345,100,50
Electric,Electric cyan,#00FFFF,0,255,255,180,100,50
Electric,Electric green,#00FF00,0,255,0,120,100,50
Electric,Electric indigo,#6F00FF,111,0,255,266,100,50
Electric,Electric lavender,#F4BBFF,244,187,255,290,100,87
Electric,Electric lime,#CCFF00,204,255,0,72,100,50
Electric,Electric purple,#BF00FF,191,0,255,285,100,50
Electric,Electric ultramarine,#3F00FF,63,0,255,255,100,50
Electric,Electric violet,#8F00FF,143,0,255,274,100,50
Electric,Electric yellow,#FFFF33,255,255,51,60,100,60
Emerald,Emerald,#50C878,80,200,120,140,52,55
Eminence,Eminence,#6C3082,108,48,130,284,46,35
English,English green,#1B4D3E,27,77,62,162,48,20
English,English lavender,#B48395,180,131,149,338,25,61
English,English red,#AB4B52,171,75,82,356,39,48
English,English vermillion,#CC474B,204,71,75,358,57,54
English,English violet,#563C5C,86,60,92,289,21,30
Eton,Eton blue,#96C8A2,150,200,162,134,31,69
Eucalyptus,Eucalyptus,#44D7A8,68,215,168,161,65,55
Fallow,Fallow,#C19A6B,193,154,107,33,41,59
Falu,Falu red,#801818,128,24,24,0,68,30
Fandango,Fandango,#B53389,181,51,137,320,56,45
Fandango,Fandango pink,#DE5285,222,82,133,338,68,60
Fashion,Fashion fuchsia,#F400A1,244,0,161,320,100,48
Fawn,Fawn,#E5AA70,229,170,112,30,69,67
Feldgrau,Feldgrau,#4D5D53,77,93,83,143,9,33
Feldspar,Feldspar,#FDD5B1,253,213,177,28,95,84
Fern,Fern green,#4F7942,79,121,66,106,29,37
Ferrari,Ferrari Red,#FF2800,255,40,0,9,100,50
Field,Field drab,#6C541E,108,84,30,42,57,27
Fiery,Fiery Rose,#FF5470,255,84,112,350,100,67
Firebrick,Firebrick,#B22222,178,34,34,0,68,42
Fire,Fire engine red,#CE2029,206,32,41,357,73,47
Flame,Flame,#E25822,226,88,34,17,77,51
Flamingo,Flamingo pink,#FC8EAC,252,142,172,344,95,77
Flattery,Flattery,#6B4423,107,68,35,28,51,28
Flavescent,Flavescent,#F7E98E,247,233,142,52,87,76
Flax,Flax,#EEDC82,238,220,130,50,76,72
Flirt,Flirt,#A2006D,162,0,109,320,100,32
Floral,Floral white,#FFFAF0,255,250,240,40,100,97
Fluorescent,Fluorescent orange,#FFBF00,255,191,0,45,100,50
Fluorescent,Fluorescent pink,#FF1493,255,20,147,328,100,54
Fluorescent,Fluorescent yellow,#CCFF00,204,255,0,72,100,50
Folly,Folly,#FF004F,255,0,79,341,100,50
Forest,Forest green (traditional),#014421,1,68,33,149,97,14
Forest,Forest green (web),#228B22,34,139,34,120,61,34
French,French beige,#A67B5B,166,123,91,26,30,50
French,French bistre,#856D4D,133,109,77,34,27,41
French,French blue,#0072BB,0,114,187,203,100,37
French,French fuchsia,#FD3F92,253,63,146,334,98,62
French,French lilac,#86608E,134,96,142,290,19,47
French,French lime,#9EFD38,158,253,56,89,98,61
French,French mauve,#D473D4,212,115,212,300,53,64
French,French pink,#FD6C9E,253,108,158,339,97,71
French,French plum,#811453,129,20,83,325,73,29
French,French puce,#4E1609,78,22,9,11,79,17
French,French raspberry,#C72C48,199,44,72,349,64,48
French,French rose,#F64A8A,246,74,138,338,91,63
French,French sky blue,#77B5FE,119,181,254,212,99,73
French,French violet,#8806CE,136,6,206,279,94,42
French,French wine,#AC1E44,172,30,68,344,70,40
Fresh,Fresh Air,#A6E7FF,166,231,255,196,100,83
Frostbite,Frostbite,#E936A7,233,54,167,322,80,56
Fuchsia,Fuchsia,#FF00FF,255,0,255,300,100,50
Fuchsia,Fuchsia (Crayola),#C154C1,193,84,193,300,47,54
Fuchsia,Fuchsia pink,#FF77FF,255,119,255,300,100,73
Fuchsia,Fuchsia purple,#CC397B,204,57,123,333,59,51
Fuchsia,Fuchsia rose,#C74375,199,67,117,337,54,52
Fulvous,Fulvous,#E48400,228,132,0,35,100,45
Fuzzy,Fuzzy Wuzzy,#CC6666,204,102,102,0,50,60
Gainsboro,Gainsboro,#DCDCDC,220,220,220,0,0,86
Gamboge,Gamboge,#E49B0F,228,155,15,39,88,48
Gamboge,Gamboge orange (brown),#996600,152,102,0,40,100,30
Gargoyle,Gargoyle Gas,#FFDF46,255,223,70,50,100,64
Generic,Generic viridian,#007F66,0,127,102,168,100,25
Ghost,Ghost white,#F8F8FF,248,248,255,240,100,99
Giant's,Giant's Club,#B05C52,176,92,82,6,37,51
Giants,Giants orange,#FE5A1D,254,90,29,16,99,55
Ginger,Ginger,#B06500,176,101,0,34,100,35
Glaucous,Glaucous,#6082B6,96,130,182,216,37,55
Glitter,Glitter,#E6E8FA,230,232,250,234,67,94
Glossy,Glossy Grape,#AB92B3,171,146,179,285,18,64
GO,GO green,#00AB66,0,171,102,156,100,34
Gold,Gold (metallic),#D4AF37,212,175,55,46,65,52
Gold,Gold (web) (Golden),#FFD700,255,215,0,51,100,50
Gold,Gold Fusion,#85754E,133,117,78,43,26,41
Golden,Golden brown,#996515,153,101,21,36,76,34
Golden,Golden poppy,#FCC200,252,194,0,46,100,49
Golden,Golden yellow,#FFDF00,255,223,0,52,100,50
Goldenrod,Goldenrod,#DAA520,218,165,32,43,74,49
Granite,Granite Gray,#676767,103,103,103,0,0,40
Granny,Granny Smith Apple,#A8E4A0,168,228,160,113,56,76
Grape,Grape,#6F2DA8,111,45,168,272,58,42
Gray,Gray,#808080,128,128,128,0,0,50
Gray,Gray (HTML/CSS gray),#808080,128,128,128,0,0,50
Gray,Gray (X11 gray),#BEBEBE,190,190,190,0,0,75
Gray-asparagus,Gray-asparagus,#465945,70,89,69,117,13,31
Gray-blue,Gray-blue,#8C92AC,140,146,172,229,16,61
Green,Green (Color Wheel) (X11 green),#00FF00,0,255,0,120,100,50
Green,Green (Crayola),#1CAC78,28,172,120,158,72,39
Green,Green (HTML/CSS color),#008000,0,128,0,120,100,25
Green,Green (Munsell),#00A877,0,168,119,163,100,33
Green,Green (NCS),#009F6B,0,159,107,160,100,31
Green,Green (Pantone),#00AD43,0,173,67,143,100,34
Green,Green (pigment),#00A550,0,165,80,149,100,32
Green,Green (RYB),#66B032,102,176,50,95,56,44
Green-blue,Green-blue,#1164B4,17,100,180,209,83,39
Green-cyan,Green-cyan,#009966,0,153,102,160,100,30
Green,Green Lizard,#A7F432,167,244,50,84,90,58
Green,Green Sheen,#6EAEA1,110,174,161,168,28,56
Green-yellow,Green-yellow,#ADFF2F,173,255,47,84,100,59
Grizzly,Grizzly,#885818,136,88,24,34,70,31
Grullo,Grullo,#A99A86,169,154,134,34,17,59
Guppie,Guppie green,#00FF7F,0,255,127,150,100,50
Gunmetal,Gunmetal,#2a3439,42,52,57,200,15,19
Halayà,Halayà úbe,#663854,102,55,84,323,29,31
Han,Han blue,#446CCF,68,108,207,223,59,54
Han,Han purple,#5218FA,82,24,250,255,96,54
Hansa,Hansa yellow,#E9D66B,233,214,107,51,74,67
Harlequin,Harlequin,#3FFF00,63,255,0,105,100,50
Harlequin,Harlequin green,#46CB18,70,203,24,105,79,45
Harvard,Harvard crimson,#C90016,201,0,22,353,100,39
Harvest,Harvest gold,#DA9100,218,145,0,40,100,43
Heart,Heart Gold,#808000,128,128,0,60,100,25
Heat,Heat Wave,#FF7A00,255,122,0,29,100,50
Heidelberg,Heidelberg Red[2],#960018,150,0,24,10,100,29
Heliotrope,Heliotrope,#DF73FF,223,115,255,286,100,73
Heliotrope,Heliotrope gray,#AA98A9,170,152,168,303,10,63
Heliotrope,Heliotrope magenta,#AA00BB,170,0,187,295,100,37
Hollywood,Hollywood cerise,#F400A1,244,0,161,320,100,48
Honeydew,Honeydew,#F0FFF0,240,255,240,120,100,97
Honolulu,Honolulu blue,#006DB0,0,109,176,203,100,35
Hooker's,Hooker's green,#49796B,73,121,107,163,25,38
Hot,Hot magenta,#FF1DCE,255,29,206,313,100,56
Hot,Hot pink,#FF69B4,255,105,180,330,100,71
Hunter,Hunter green,#355E3B,53,94,59,129,28,29
Iceberg,Iceberg,#71A6D2,113,166,210,207,52,63
Icterine,Icterine,#FCF75E,252,247,94,58,96,68
Iguana,Iguana Green,#71BC78,113,188,120,126,36,59
Illuminating,Illuminating Emerald,#319177,49,145,119,164,49,38
Imperial,Imperial,#602F6B,96,47,107,289,39,30
Imperial,Imperial blue,#002395,0,35,149,226,100,29
Imperial,Imperial purple,#66023C,102,2,60,325,96,20
Imperial,Imperial red,#ED2939,237,41,57,355,84,55
Inchworm,Inchworm,#B2EC5D,178,236,93,84,79,65
Independence,Independence,#4C516D,76,81,109,231,18,36
India,India green,#138808,19,136,8,115,89,28
Indian,Indian red,#CD5C5C,205,92,92,0,53,58
Indian,Indian yellow,#E3A857,227,168,87,35,71,62
Indigo,Indigo,#4B0082,75,0,130,266,100,26
Indigo,Indigo dye,#091F92,9,31,146,230,88,30
Indigo,Indigo (web),#4B0082,75,0,130,275,100,25
Infra,Infra Red,#FF496C,255,73,108,348,100,64
Interdimensional,Interdimensional Blue,#360CCC,54,12,204,253,89,42
International,International Klein Blue,#002FA7,0,47,167,223,100,33
International,International orange (aerospace),#FF4F00,255,79,0,19,100,50
International,International orange (engineering),#BA160C,186,22,12,3,88,39
International,International orange (Golden Gate Bridge),#C0362C,192,54,44,4,63,46
Iris,Iris,#5A4FCF,90,79,207,245,57,56
Irresistible,Irresistible,#B3446C,179,68,108,338,45,48
Isabelline,Isabelline,#F4F0EC,244,240,236,30,27,94
Islamic,Islamic green,#009000,0,144,0,120,100,28
Italian,Italian sky blue,#B2FFFF,178,255,255,180,100,85
Ivory,Ivory,#FFFFF0,255,255,240,60,100,97
Jade,Jade,#00A86B,0,168,107,158,100,33
Japanese,Japanese carmine,#9D2933,157,41,51,355,59,39
Japanese,Japanese indigo,#264348,38,67,72,189,31,22
Japanese,Japanese violet,#5B3256,91,50,86,307,29,28
Jasmine,Jasmine,#F8DE7E,248,222,126,47,90,73
Jasper,Jasper,#D73B3E,215,59,62,359,66,54
Jazzberry,Jazzberry jam,#A50B5E,165,11,94,328,88,35
Jelly,Jelly Bean,#DA614E,218,97,78,8,65,58
Jet,Jet,#343434,52,52,52,0,0,20
Jonquil,Jonquil,#F4CA16,244,202,22,49,91,52
Jordy,Jordy blue,#8AB9F1,138,185,241,213,79,74
June,June bud,#BDDA57,189,218,87,73,64,60
Jungle,Jungle green,#29AB87,41,171,135,163,61,42
Kelly,Kelly green,#4CBB17,76,187,23,101,78,41
Kenyan,Kenyan copper,#7C1C05,124,28,5,12,92,25
Keppel,Keppel,#3AB09E,58,176,158,171,50,46
Key,Key Lime,#E8F48C,232,244,140,67,83,75
Khaki,Khaki (HTML/CSS) (Khaki),#C3B091,195,176,145,37,29,67
Khaki,Khaki (X11) (Light khaki),#F0E68C,240,230,140,54,77,75
Kiwi,Kiwi,#8EE53F,142,229,63,91,76,57
Kobe,Kobe,#882D17,136,45,23,12,71,31
Kobi,Kobi,#E79FC4,231,159,196,329,60,76
Kobicha,Kobicha,#6B4423,107,68,35,28,51,28
Kombu,Kombu green,#354230,53,66,48,103,16,22
KSU,KSU Purple,#512888,79,38,131,266,55,33
KU,KU Crimson,#E8000D,232,0,13,357,100,45
La,La Salle Green,#087830,8,120,48,141,88,25
Languid,Languid lavender,#D6CADD,214,202,221,278,22,83
Lapis,Lapis lazuli,#26619C,38,97,156,210,61,38
Laser,Laser Lemon,#FFFF66,255,255,102,60,100,70
Laurel,Laurel green,#A9BA9D,169,186,157,95,17,67
Lava,Lava,#CF1020,207,16,32,355,86,44
Lavender,Lavender (floral),#B57EDC,181,126,220,275,57,68
Lavender,Lavender (web),#E6E6FA,230,230,250,240,67,94
Lavender,Lavender blue,#CCCCFF,204,204,255,240,100,90
Lavender,Lavender blush,#FFF0F5,255,240,245,340,100,97
Lavender,Lavender gray,#C4C3D0,196,195,208,245,12,79
Lavender,Lavender indigo,#9457EB,148,87,235,265,79,63
Lavender,Lavender magenta,#EE82EE,238,130,238,300,76,72
Lavender,Lavender mist,#E6E6FA,230,230,250,240,67,94
Lavender,Lavender pink,#FBAED2,251,174,210,332,91,83
Lavender,Lavender purple,#967BB6,150,123,182,267,29,60
Lavender,Lavender rose,#FBA0E3,251,160,227,316,92,81
Lawn,Lawn green,#7CFC00,124,252,0,90,100,49
Lemon,Lemon,#FFF700,255,247,0,58,100,50
Lemon,Lemon chiffon,#FFFACD,255,250,205,54,100,90
Lemon,Lemon curry,#CCA01D,204,160,29,45,75,46
Lemon,Lemon glacier,#FDFF00,253,255,0,60,100,50
Lemon,Lemon lime,#E3FF00,227,255,0,67,100,50
Lemon,Lemon meringue,#F6EABE,246,234,190,47,76,85
Lemon,Lemon yellow,#FFF44F,255,244,79,56,100,65
Licorice,Licorice,#1A1110,26,17,16,6,24,8
Liberty,Liberty,#545AA7,84,90,167,236,33,49
Light,Light apricot,#FDD5B1,253,213,177,28,95,84
Light,Light blue,#ADD8E6,173,216,230,195,53,79
Light,Light brown,#B5651D,181,101,29,28,72,41
Light,Light carmine pink,#E66771,230,103,113,355,72,65
Light,Light cobalt blue,#88ACE0,136,172,224,215,59,71
Light,Light coral,#F08080,240,128,128,0,79,72
Light,Light cornflower blue,#93CCEA,147,204,234,201,67,75
Light,Light crimson,#F56991,245,105,145,343,88,69
Light,Light cyan,#E0FFFF,224,255,255,180,100,94
Light,Light deep pink,#FF5CCD,255,92,205,318,100,68
Light,Light French beige,#C8AD7F,200,173,127,38,40,64
Light,Light fuchsia pink,#F984EF,249,132,239,305,91,75
Light,Light goldenrod yellow,#FAFAD2,250,250,210,60,80,90
Light,Light gray,#D3D3D3,211,211,211,0,0,83
Light,Light grayish magenta,#CC99CC,204,153,204,300,33,70
Light,Light green,#90EE90,144,238,144,120,73,75
Light,Light hot pink,#FFB3DE,255,179,222,326,100,85
Light,Light khaki,#F0E68C,240,230,140,54,77,75
Light,Light medium orchid,#D39BCB,211,155,203,309,39,72
Light,Light moss green,#ADDFAD,173,223,173,120,44,78
Light,Light orchid,#E6A8D7,230,168,215,315,55,78
Light,Light pastel purple,#B19CD9,177,156,217,261,45,73
Light,Light pink,#FFB6C1,255,182,193,351,100,86
Light,Light red ochre,#E97451,233,116,81,14,78,62
Light,Light salmon,#FFA07A,255,160,122,17,100,74
Light,Light salmon pink,#FF9999,255,153,153,0,100,80
Light,Light sea green,#20B2AA,32,178,170,177,70,41
Light,Light sky blue,#87CEFA,135,206,250,203,92,75
Light,Light slate gray,#778899,119,136,153,210,14,53
Light,Light steel blue,#B0C4DE,176,196,222,214,41,78
Light,Light taupe,#B38B6D,179,139,109,26,32,56
Light,Light Thulian pink,#E68FAC,230,143,172,340,64,73
Light,Light yellow,#FFFFE0,255,255,224,60,100,94
Lilac,Lilac,#C8A2C8,200,162,200,300,26,71
Lilac,Lilac Luster,#AE98AA,174,152,170,311,12,64
Lime,Lime (color wheel),#BFFF00,191,255,0,75,100,50
Lime,Lime (web) (X11 green),#00FF00,0,255,0,120,100,50
Lime,Lime green,#32CD32,50,205,50,120,61,50
Limerick,Limerick,#9DC209,157,194,9,72,91,40
Lincoln,Lincoln green,#195905,25,89,5,106,89,18
Linen,Linen,#FAF0E6,250,240,230,30,67,94
Loeen(lopen)look/vomit+indogo+Lopen+Gabriel,Loeen(lopen)look/vomit+indogo+Lopen+Gabriel,#15F2FD,123,154,200,33,41,63
Liseran,Liseran Purple,#DE6FA1,222,111,161,333,63,65
Little,Little boy blue,#6CA0DC,108,160,220,212,62,64
Liver,Liver,#674C47,103,76,71,9,18,34
Liver,Liver (dogs),#B86D29,184,109,41,29,64,44
Liver,Liver (organ),#6C2E1F,108,46,31,12,55,27
Liver,Liver chestnut,#987456,152,116,86,27,28,47
Livid,Livid,#6699CC,102,153,204,210,50,60
Lumber,Lumber,#FFE4CD,255,228,205,28,100,90
Lust,Lust,#E62020,230,32,32,0,80,51
Maastricht,Maastricht Blue,#001C3D,0,28,61,212,100,12
Macaroni,Macaroni and Cheese,#FFBD88,255,189,136,27,100,77
Madder,Madder Lake,#CC3336,204,51,54,359,60,50
Magenta,Magenta,#FF00FF,255,0,255,300,100,50
Magenta,Magenta (Crayola),#FF55A3,255,85,163,332,100,67
Magenta,Magenta (dye),#CA1F7B,202,31,123,328,73,46
Magenta,Magenta (Pantone),#D0417E,208,65,126,334,60,54
Magenta,Magenta (process),#FF0090,255,0,144,326,100,50
Magenta,Magenta haze,#9F4576,159,69,118,327,39,45
Magenta-pink,Magenta-pink,#CC338B,204,51,139,325,60,50
Magic,Magic mint,#AAF0D1,170,240,209,153,70,80
Magic,Magic Potion,#FF4466,255,68,102,349,100,63
Magnolia,Magnolia,#F8F4FF,248,244,255,262,100,98
Mahogany,Mahogany,#C04000,192,64,0,20,100,38
Maize,Maize,#FBEC5D,251,236,93,54,95,67
Majorelle,Majorelle Blue,#6050DC,96,80,220,247,67,59
Malachite,Malachite,#0BDA51,11,218,81,140,90,45
Manatee,Manatee,#979AAA,151,154,170,231,10,63
Mandarin,Mandarin,#F37A48,243,122,72,18,88,62
Mango,Mango Tango,#FF8243,255,130,67,20,100,63
Mantis,Mantis,#74C365,116,195,101,110,44,58
Mardi,Mardi Gras,#880085,136,0,133,301,100,27
Marigold,Marigold,#EAA221,234,162,33,39,83,52
Maroon,Maroon (Crayola),#C32148,195,33,72,346,71,45
Maroon,Maroon (HTML/CSS),#800000,128,0,0,0,100,25
Maroon,Maroon (X11),#B03060,176,48,96,338,57,44
Mauve,Mauve,#E0B0FF,224,176,255,276,100,85
Mauve,Mauve taupe,#915F6D,145,95,109,343,21,47
Mauvelous,Mauvelous,#EF98AA,239,152,170,348,73,77
Maximum,Maximum Blue,#47ABCC,71,171,204,195,57,54
Maximum,Maximum Blue Green,#30BFBF,48,191,191,180,60,47
Maximum,Maximum Blue Purple,#ACACE6,172,172,230,240,54,79
Maximum,Maximum Green,#5E8C31,94,140,49,90,48,37
Maximum,Maximum Green Yellow,#D9E650,217,230,80,65,75,61
Maximum,Maximum Purple,#733380,115,51,128,290,43,35
Maximum,Maximum Red,#D92121,217,33,33,0,74,49
Maximum,Maximum Red Purple,#A63A79,166,58,121,325,48,44
Maximum,Maximum Yellow,#FAFA37,250,250,55,60,95,60
Maximum,Maximum Yellow Red,#F2BA49,242,186,73,40,87,62
May,May green,#4C9141,76,145,65,112,38,41
Maya,Maya blue,#73C2FB,115,194,251,205,94,72
Meat,Meat brown,#E5B73B,229,183,59,44,77,56
Medium,Medium aquamarine,#66DDAA,102,221,170,154,64,63
Medium,Medium blue,#0000CD,0,0,205,240,100,40
Medium,Medium candy apple red,#E2062C,226,6,44,350,95,45
Medium,Medium carmine,#AF4035,175,64,53,5,54,45
Medium,Medium champagne,#F3E5AB,243,229,171,48,75,81
Medium,Medium electric blue,#035096,3,80,150,209,96,30
Medium,Medium jungle green,#1C352D,28,53,45,161,31,16
Medium,Medium lavender magenta,#DDA0DD,221,160,221,300,47,75
Medium,Medium orchid,#BA55D3,186,85,211,288,59,58
Medium,Medium Persian blue,#0067A5,0,103,165,203,100,32
Medium,Medium purple,#9370DB,147,112,219,260,60,65
Medium,Medium red-violet,#BB3385,187,51,133,324,57,47
Medium,Medium ruby,#AA4069,170,64,105,337,45,46
Medium,Medium sea green,#3CB371,60,179,113,147,50,47
Medium,Medium sky blue,#80DAEB,128,218,235,190,73,71
Medium,Medium slate blue,#7B68EE,123,104,238,249,80,67
Medium,Medium spring bud,#C9DC87,201,220,135,73,55,70
Medium,Medium spring green,#00FA9A,0,250,154,157,100,49
Medium,Medium taupe,#674C47,103,76,71,9,18,34
Medium,Medium turquoise,#48D1CC,72,209,204,178,60,55
Medium,Medium Tuscan red,#79443B,121,68,59,9,34,35
Medium,Medium vermilion,#D9603B,217,96,59,14,68,54
Medium,Medium violet-red,#C71585,199,21,133,322,81,43
Mellow,Mellow apricot,#F8B878,248,184,120,30,90,72
Mellow,Mellow yellow,#F8DE7E,248,222,126,47,90,73
Melon,Melon,#FDBCB4,253,188,180,7,95,85
Metallic,Metallic Seaweed,#0A7E8C,10,126,140,186,87,29
Metallic,Metallic Sunburst,#9C7C38,156,124,56,41,47,42
Mexican,Mexican pink,#E4007C,228,0,124,327,100,45
Middle,Middle Blue,#7ED4E6,126,212,230,126,68,70
Middle,Middle Blue Green,#8DD9CC,141,217,204,141,50,70
Middle,Middle Blue Purple,#8B72BE,139,114,190,260,37,60
Middle,Middle Red Purple,#210837,33,8,55,139,75,12
Middle,Middle Green,#4D8C57,77,140,87,130,29,43
Middle,Middle Green Yellow,#ACBF60,172,191,96,72,43,56
Middle,Middle Purple,#D982B5,217,130,181,325,53,68
Middle,Middle Red,#E58E73,229,144,115,15,69,68
Middle,Middle Red Purple,#A55353,0,83,83,165,100,16
Middle,Middle Yellow,#FFEB00,255,235,0,55,100,50
Middle,Middle Yellow Red,#ECB176,166,58,121,236,48,44
Midnight,Midnight,#702670,112,38,112,300,49,29
Midnight,Midnight blue,#191970,25,25,112,240,64,27
Midnight,Midnight green (eagle green),#004953,0,73,83,187,100,16
Mikado,Mikado yellow,#FFC40C,255,196,12,45,100,52
Milk,Milk,#FDFFF5,253,255,245,72,100,98
Mimi,Mimi Pink,#FFDAE9,255,218,233,336,100,93
Mindaro,Mindaro,#E3F988,227,249,136,72,90,75
Ming,Ming,#36747D,54,116,125,188,40,35
Minion,Minion Yellow,#F5E050,245,220,80,52,89,64
Mint,Mint,#3EB489,62,180,137,158,49,47
Mint,Mint cream,#F5FFFA,245,255,250,150,100,98
Mint,Mint green,#98FF98,152,255,152,120,100,80
Misty,Misty Moss,#BBB477,187,180,119,54,33,60
Misty,Misty rose,#FFE4E1,255,228,225,6,100,94
Moccasin,Moccasin,#FAEBD7,250,235,215,34,78,91
Mode,Mode beige,#967117,150,113,23,43,73,34
Moonstone,Moonstone blue,#73A9C2,115,169,194,199,39,61
Mordant,Mordant red 19,#AE0C00,174,12,0,4,100,34
Moss,Moss green,#8A9A5B,138,154,91,75,26,48
Mountain,Mountain Meadow,#30BA8F,48,186,143,161,59,46
Mountbatten,Mountbatten pink,#997A8D,153,122,141,323,13,54
MSU,MSU Green,#18453B,24,69,59,167,48,18
Mughal,Mughal green,#306030,48,96,48,120,33,28
Mulberry,Mulberry,#C54B8C,197,75,140,328,51,53
Mummy's,Mummy's Tomb,#828E84,130,142,132,130,5,53
Mustard,Mustard,#FFDB58,255,219,88,47,100,67
Myrtle,Myrtle green,#317873,49,120,115,176,42,33
Mystic,Mystic,#D65282,214,82,130,338,62,58
Mystic,Mystic Maroon,#AD4379,173,67,121,329,44,47
Nadeshiko,Nadeshiko pink,#F6ADC6,246,173,198,339,80,82
Napier,Napier green,#2A8000,42,128,0,100,100,25
Naples,Naples yellow,#FADA5E,250,218,94,48,94,67
Navajo,Navajo white,#FFDEAD,255,222,173,36,100,84
Navy,Navy,#000080,0,0,128,240,100,25
Navy,Navy purple,#9457EB,148,87,235,265,79,63
Neon,Neon Carrot,#FFA343,255,163,67,31,100,63
Neon,Neon fuchsia,#FE4164,254,65,100,349,99,63
Neon,Neon green,#39FF14,57,255,20,111,100,54
New,New Car,#214FC6,33,79,198,223,71,45
New,New York pink,#D7837F,215,131,127,3,52,67
Nickel,Nickel,#727472,114,116,114,120,1,45
Non-photo,Non-photo blue,#A4DDED,164,221,237,193,67,79
North,North Texas Green,#059033,5,144,51,140,93,29
Nyanza,Nyanza,#E9FFDB,233,255,219,97,100,93
Ocean,Ocean Blue,#4F42B5,79,66,181,247,47,48
Ocean,Ocean Boat Blue,#0077BE,0,119,190,202,100,37
Ocean,Ocean Green,#48BF91,72,191,145,157,48,52
Ochre,Ochre,#CC7722,204,119,34,30,71,47
Office,Office green,#008000,0,128,0,120,100,25
Ogre,Ogre Odor,#FD5240,253,82,64,6,98,62
Old,Old burgundy,#43302E,67,48,46,6,19,22
Old,Old gold,#CFB53B,207,181,59,49,61,52
Old,Old heliotrope,#563C5C,86,60,92,289,21,30
Old,Old lace,#FDF5E6,253,245,230,39,85,95
Old,Old lavender,#796878,121,104,120,304,8,44
Old,Old mauve,#673147,103,49,71,336,36,30
Old,Old moss green,#867E36,134,126,54,54,43,37
Old,Old rose,#C08081,192,128,129,359,34,63
Old,Old silver,#848482,132,132,130,60,1,51
Olive,Olive,#808000,128,128,0,60,100,25
Olive,Olive Drab (#3),#6B8E23,107,142,35,80,60,35
Olive,Olive Drab #7,#3C341F,60,52,31,43,32,18
Olivine,Olivine,#9AB973,154,185,115,87,33,59
Onyx,Onyx,#353839,53,56,57,195,4,22
Opera,Opera mauve,#B784A7,183,132,167,319,26,62
Orange,Orange (color wheel),#FF7F00,255,127,0,30,100,50
Orange,Orange (Crayola),#FF7538,255,117,56,18,100,61
Orange,Orange (Pantone),#FF5800,255,88,0,21,100,50
Orange,Orange (RYB),#FB9902,251,153,2,36,98,50
Orange,Orange (web),#FFA500,255,165,0,39,100,50
Orange,Orange peel,#FF9F00,255,159,0,37,100,50
Orange-red,Orange-red,#FF4500,255,69,0,16,100,50
Orange,Orange Soda,#FA5B3D,250,91,61,10,95,61
Orange-yellow,Orange-yellow,#F8D568,248,213,104,45,91,69
Orchid,Orchid,#DA70D6,218,112,214,302,59,65
Orchid,Orchid pink,#F2BDCD,242,189,205,342,67,85
Orioles,Orioles orange,#FB4F14,251,79,20,15,97,53
Otter,Otter brown,#654321,101,67,33,30,51,26
Outer,Outer Space,#414A4C,65,74,76,191,8,28
Outrageous,Outrageous Orange,#FF6E4A,255,110,74,12,100,65
Oxford,Oxford Blue,#002147,0,33,71,212,100,14
OU,OU Crimson Red,#990000,153,0,0,0,100,30
Pacific,Pacific Blue,#1CA9C9,28,169,201,191,76,45
Pakistan,Pakistan green,#006600,0,102,0,120,100,20
Palatinate,Palatinate blue,#273BE2,39,59,226,234,76,52
Palatinate,Palatinate purple,#682860,104,40,96,308,44,28
Pale,Pale aqua,#BCD4E6,188,212,230,206,46,82
Pale,Pale blue,#AFEEEE,175,238,238,180,65,81
Pale,Pale brown,#987654,152,118,84,30,29,46
Pale,Pale carmine,#AF4035,175,64,53,5,54,45
Pale,Pale cerulean,#9BC4E2,155,196,226,205,55,75
Pale,Pale chestnut,#DDADAF,221,173,175,358,41,77
Pale,Pale copper,#DA8A67,218,138,103,18,61,63
Pale,Pale cornflower blue,#ABCDEF,171,205,239,210,68,80
Pale,Pale cyan,#87D3F8,135,211,248,200,89,75
Pale,Pale gold,#E6BE8A,230,190,138,34,65,72
Pale,Pale goldenrod,#EEE8AA,238,232,170,55,67,80
Pale,Pale green,#98FB98,152,251,152,120,93,79
Pale,Pale lavender,#DCD0FF,220,208,255,255,100,91
Pale,Pale magenta,#F984E5,249,132,229,310,91,75
Pale,Pale magenta-pink,#FF99CC,255,153,204,330,100,80
Pale,Pale pink,#FADADD,250,218,221,354,76,92
Pale,Pale plum,#DDA0DD,221,160,221,300,47,75
Pale,Pale red-violet,#DB7093,219,112,147,340,60,65
Pale,Pale robin egg blue,#96DED1,150,222,209,169,52,73
Pale,Pale silver,#C9C0BB,201,192,187,21,11,76
Pale,Pale spring bud,#ECEBBD,236,235,189,59,55,83
Pale,Pale taupe,#BC987E,188,152,126,25,32,62
Pale,Pale turquoise,#AFEEEE,175,238,238,180,65,81
Pale,Pale violet,#CC99FF,204,153,255,270,100,80
Pale,Pale violet-red,#DB7093,219,112,147,340,60,65
Palm,Palm Leaf,#6F9940,130,142,132,88,5,53
Pansy,Pansy purple,#78184A,120,24,74,329,67,28
Paolo,Paolo Veronese green,#009B7D,0,155,125,168,100,30
Papaya,Papaya whip,#FFEFD5,255,239,213,37,100,92
Paradise,Paradise pink,#E63E62,230,62,98,347,77,57
Paris,Paris Green,#50C878,80,200,120,140,52,55
Parrot,Parrot Pink,#D998A0,217,152,160,353,46,72
Pastel,Pastel blue,#AEC6CF,174,198,207,196,26,75
Pastel,Pastel brown,#836953,130,105,83,28,22,42
Pastel,Pastel gray,#CFCFC4,207,207,196,60,10,79
Pastel,Pastel green,#77DD77,119,221,119,120,60,67
Pastel,Pastel magenta,#F49AC2,244,154,194,333,80,78
Pastel,Pastel orange,#FFB347,255,179,71,35,100,64
Pastel,Pastel pink,#DEA5A4,222,165,164,1,47,76
Pastel,Pastel purple,#B39EB5,179,158,181,295,13,66
Pastel,Pastel red,#FF6961,255,105,97,3,100,69
Pastel,Pastel violet,#CB99C9,203,153,201,302,32,70
Pastel,Pastel yellow,#FDFD96,253,253,150,60,96,79
Patriarch,Patriarch,#800080,128,0,128,300,100,25
Payne's,Payne's grey,#536878,83,104,120,206,18,40
Peach,Peach,#FFE5B4,255,229,180,39,100,85
Peach,Peach,#FFCBA4,255,203,164,26,100,82
Peach-orange,Peach-orange,#FFCC99,255,204,153,30,100,80
Peach,Peach puff,#FFDAB9,255,218,185,28,100,86
Peach-yellow,Peach-yellow,#FADFAD,250,223,173,39,89,83
Pear,Pear,#D1E231,209,226,49,66,75,54
Pearl,Pearl,#EAE0C8,234,224,200,42,45,85
Pearl,Pearl Aqua,#88D8C0,136,216,192,162,51,69
Pearly,Pearly purple,#B768A2,183,104,162,316,35,56
Peridot,Peridot,#E6E200,230,226,0,59,100,45
Periwinkle,Periwinkle,#CCCCFF,204,204,255,240,100,90
Permanent,Permanent Geranium Lake,#E12C2C,225,44,44,0,75,53
Persian,Persian blue,#1C39BB,28,57,187,229,74,42
Persian,Persian green,#00A693,0,166,147,173,100,33
Persian,Persian indigo,#32127A,50,18,122,258,74,27
Persian,Persian orange,#D99058,217,144,88,26,63,60
Persian,Persian pink,#F77FBE,247,127,190,329,88,73
Persian,Persian plum,#701C1C,112,28,28,0,60,27
Persian,Persian red,#CC3333,204,51,51,0,60,50
Persian,Persian rose,#FE28A2,254,40,162,326,99,58
Persimmon,Persimmon,#EC5800,236,88,0,22,100,46
Peru,Peru,#CD853F,205,133,63,30,59,53
Pewter,Pewter Blue,#8BA8B7,139,168,183,200,23,63
Phlox,Phlox,#DF00FF,223,0,255,292,100,50
Phthalo,Phthalo blue,#000F89,0,15,137,233,100,27
Phthalo,Phthalo green,#123524,18,53,36,151,49,14
Picton,Picton blue,#45B1E8,69,177,232,200,78,59
Pictorial,Pictorial carmine,#C30B4E,195,11,78,338,89,40
Piggy,Piggy pink,#FDDDE6,253,221,230,343,89,93
Pine,Pine green,#01796F,1,121,111,175,98,24
Pineapple,Pineapple,#563C5C,86,60,13,289,74,19
Pink,Pink,#FFC0CB,255,192,203,350,100,88
Pink,Pink (Pantone),#D74894,215,72,148,328,64,56
Pink,Pink Flamingo,#FC74FD,252,116,253,300,97,72
Pink,Pink lace,#FFDDF4,255,221,244,319,100,93
Pink,Pink lavender,#D8B2D1,216,178,209,311,33,77
Pink-orange,Pink-orange,#FF9966,255,153,102,20,100,70
Pink,Pink pearl,#E7ACCF,231,172,207,324,55,79
Pink,Pink raspberry,#980036,152,0,54,339,100,30
Pink,Pink Sherbet,#F78FA7,247,143,167,346,87,76
Pistachio,Pistachio,#93C572,147,197,114,96,42,61
Pixie,Pixie Powder,#391285,57,18,133,260,76,30
Platinum,Platinum,#E5E4E2,229,228,226,40,5,89
Plum,Plum,#8E4585,142,69,133,307,35,41
Plum,Plum (web),#DDA0DD,221,160,221,300,47,75
Plump,Plump Purple,#5946B2,89,70,178,251,44,49
Polished,Polished Pine,#5DA493,93,164,147,166,28,50
Pomp,Pomp and Power,#86608E,134,96,142,290,19,47
Popstar,Popstar,#BE4F62,190,79,98,350,46,53
Portland,Portland Orange,#FF5A36,255,90,54,11,100,61
Powder,Powder blue,#B0E0E6,176,224,230,187,52,80
Princess,Princess Perfume,#FF85CF,255,133,207,324,100,76
Princeton,Princeton orange,#F58025,245,128,37,26,91,55
Prune,Prune,#701C1C,112,28,28,0,60,27
Prussian,Prussian blue,#003153,0,49,83,205,100,16
Psychedelic,Psychedelic purple,#DF00FF,223,0,255,292,100,50
Puce,Puce,#CC8899,204,136,153,345,40,67
Puce,Puce red,#722F37,114,47,55,353,42,32
Pullman,Pullman Brown (UPS Brown),#644117,100,65,23,33,63,24
Pullman,Pullman Green,#3B331C,59,51,28,45,36,17
Pumpkin,Pumpkin,#FF7518,255,117,24,24,100,55
Purple,Purple (HTML),#800080,128,0,128,300,100,25
Purple,Purple (Munsell),#9F00C5,159,0,197,288,100,39
Purple,Purple (X11),#A020F0,160,32,240,277,87,53
Purple,Purple Heart,#69359C,105,53,156,270,49,41
Purple,Purple mountain majesty,#9678B6,150,120,182,269,30,59
Purple,Purple navy,#4E5180,78,81,128,236,24,40
Purple,Purple pizzazz,#FE4EDA,254,78,218,312,99,65
Purple,Purple Plum,#9C51B6,156,81,182,285,41,52
Purple,Purple taupe,#50404D,80,64,77,311,11,28
Purpureus,Purpureus,#9A4EAE,154,78,174,288,38,49
Quartz,Quartz,#51484F,81,72,79,313,6,30
Queen,Queen blue,#436B95,67,107,149,211,38,42
Queen,Queen pink,#E8CCD7,232,204,215,336,38,85
Quick,Quick Silver,#A6A6A6,166,166,166,0,0,65
Quinacridone,Quinacridone magenta,#8E3A59,142,58,89,338,42,39
Rackley,Rackley,#5D8AA8,93,138,168,204,30,51
Radical,Radical Red,#FF355E,255,53,94,348,100,60
Raisin,Raisin black,#242124,36,33,36,300,4,14
Rajah,Rajah,#FBAB60,251,171,96,29,95,68
Raspberry,Raspberry,#E30B5D,227,11,92,337,91,47
Raspberry,Raspberry glace,#915F6D,145,95,109,343,21,47
Raspberry,Raspberry pink,#E25098,226,80,152,330,72,60
Raspberry,Raspberry rose,#B3446C,179,68,108,338,45,48
Raw,Raw Sienna,#D68A59,214,138,89,24,60,59
Raw,Raw umber,#826644,130,102,68,33,31,39
Razzle,Razzle dazzle rose,#FF33CC,255,51,204,315,100,60
Razzmatazz,Razzmatazz,#E3256B,227,37,107,338,77,52
Razzmic,Razzmic Berry,#8D4E85,141,78,133,308,29,43
Rebecca,Rebecca Purple,#663399,102,52,153,270,49,40
Red,Red,#FF0000,255,0,0,0,100,50
Red,Red (Crayola),#EE204D,238,32,77,347,86,53
Red,Red (Munsell),#F2003C,242,0,60,345,100,47
Red,Red (NCS),#C40233,196,2,51,345,98,39
Red,Red (Pantone),#ED2939,237,41,57,355,84,55
Red,Red (pigment),#ED1C24,237,28,36,358,85,52
Red,Red (RYB),#FE2712,254,39,18,5,99,53
Red-brown,Red-brown,#A52A2A,165,42,42,0,59,41
Red,Red devil,#860111,134,1,17,353,99,26
Red-orange,Red-orange,#FF5349,255,83,73,3,100,64
Red-purple,Red-purple,#E40078,228,0,120,328,100,45
Red,Red Salsa,#FD3A4A,253,58,74,355,98,61
Red-violet,Red-violet,#C71585,199,21,133,322,81,43
Redwood,Redwood,#A45A52,164,90,82,6,33,48
Regalia,Regalia,#522D80,82,45,128,267,48,34
Registration,Registration black,#000000,0,0,0,0,0,0
Resolution,Resolution blue,#002387,0,35,135,224,100,26
Rhythm,Rhythm,#777696,119,118,150,242,13,53
Rich,Rich black,#004040,0,64,64,180,100,13
Rich,Rich black (FOGRA29),#010B13,1,11,19,207,90,4
Rich,Rich black (FOGRA39),#010203,1,2,3,210,50,1
Rich,Rich brilliant lavender,#F1A7FE,241,167,254,291,98,83
Rich,Rich carmine,#D70040,215,0,64,342,100,42
Rich,Rich electric blue,#0892D0,8,146,208,199,93,42
Rich,Rich lavender,#A76BCF,167,107,207,276,51,62
Rich,Rich lilac,#B666D2,182,102,210,284,55,61
Rich,Rich maroon,#B03060,176,48,96,338,57,44
Rifle,Rifle green,#444C38,68,76,56,84,15,26
Roast,Roast coffee,#704241,112,66,65,1,27,35
Robin,Robin egg blue,#00CCCC,0,204,204,180,100,40
Rocket,Rocket metallic,#8A7F80,138,127,128,355,4,52
Roman,Roman silver,#838996,131,137,150,221,8,55
Rose,Rose,#FF007F,255,0,127,330,100,50
Rose,Rose bonbon,#F9429E,249,66,158,330,94,62
Rose,Rose Dust,#9E5E6F,158,94,111,344,25,49
Rose,Rose ebony,#674846,103,72,70,4,19,34
Rose,Rose gold,#B76E79,183,110,121,351,34,57
Rose,Rose madder,#E32636,227,38,54,355,77,52
Rose,Rose pink,#FF66CC,255,102,204,320,100,70
Rose,Rose quartz,#AA98A9,170,152,169,303,10,63
Rose,Rose red,#C21E56,194,30,86,340,73,44
Rose,Rose taupe,#905D5D,144,93,93,0,22,46
Rose,Rose vale,#AB4E52,171,78,82,357,37,49
Rosewood,Rosewood,#65000B,101,0,11,353,100,20
Rosso,Rosso corsa,#D40000,212,0,0,0,100,42
Rosy,Rosy brown,#BC8F8F,188,143,143,0,25,65
Royal,Royal azure,#0038A8,0,56,168,220,100,33
Royal,Royal blue,#002366,0,35,102,219,100,20
Royal,Royal blue,#4169E1,65,105,225,225,73,57
Royal,Royal fuchsia,#CA2C92,202,44,146,321,64,48
Royal,Royal purple,#7851A9,120,81,169,267,35,49
Royal,Royal yellow,#FADA5E,250,218,94,48,94,67
Ruber,Ruber,#CE4676,206,70,118,339,58,54
Rubine,Rubine red,#D10056,209,0,86,335,100,41
Ruby,Ruby,#E0115F,224,17,95,337,86,47
Ruby,Ruby red,#9B111E,155,17,30,354,80,34
Ruddy,Ruddy,#FF0028,255,0,40,351,100,50
Ruddy,Ruddy brown,#BB6528,187,101,40,25,65,45
Ruddy,Ruddy pink,#E18E96,225,142,150,354,58,72
Rufous,Rufous,#A81C07,168,28,7,8,92,34
Russet,Russet,#80461B,128,70,27,26,65,30
Russian,Russian green,#679267,103,146,103,120,17,49
Russian,Russian violet,#32174D,50,23,77,270,54,20
Rust,Rust,#B7410E,183,65,14,18,86,39
Rusty,Rusty red,#DA2C43,218,44,67,352,70,51
Sacramento,Sacramento State green,#00563F,0,86,63,164,100,17
Saddle,Saddle brown,#8B4513,139,69,19,25,76,31
Safety,Safety orange,#FF7800,255,120,0,28,100,50
Safety,Safety orange (blaze orange),#FF6700,255,103,0,24,100,50
Safety,Safety yellow,#EED202,238,210,2,53,98,47
Saffron,Saffron,#F4C430,244,196,48,45,90,57
Sage,Sage,#BCB88A,188,184,138,55,27,64
St.,St. Patrick's blue,#23297A,35,41,122,236,55,31
Salmon,Salmon,#FA8072,250,128,114,6,93,71
Salmon,Salmon pink,#FF91A4,255,145,164,350,100,78
Sand,Sand,#C2B280,194,178,128,45,35,63
Sand,Sand dune,#967117,150,113,23,43,73,34
Sandstorm,Sandstorm,#ECD540,236,213,64,52,82,59
Sandy,Sandy brown,#F4A460,244,164,96,28,87,67
Sandy,Sandy Tan,#FDD9B5,253,217,181,30,95,85
Sandy,Sandy taupe,#967117,150,113,23,43,73,34
Sangria,Sangria,#92000A,146,0,10,356,100,29
Sap,Sap green,#507D2A,80,125,42,93,50,33
Sapphire,Sapphire,#0F52BA,15,82,186,216,85,39
Sapphire,Sapphire blue,#0067A5,0,103,165,203,100,32
Sasquatch,Sasquatch Socks,#FF4681,255,70,129,341,100,64
Satin,Satin sheen gold,#CBA135,203,161,53,43,59,50
Scarlet,Scarlet,#FF2400,255,36,0,8,100,50
Scarlet,Scarlet,#FD0E35,253,14,53,350,98,52
Schauss,Schauss pink,#FF91AF,255,145,175,344,100,78
School,School bus yellow,#FFD800,255,216,0,51,100,50
Screamin',Screamin' Green,#66FF66,102,255,102,120,100,70
Sea,Sea blue,#006994,0,105,148,197,100,29
Sea,Sea Foam Green,#9FE2BF,195,226,191,149,38,82
Sea,Sea green,#2E8B57,46,139,87,146,50,36
Sea,Sea Serpent,#4BC7CF,75,199,207,184,58,55
Seal,Seal brown,#59260B,50,20,20,0,43,14
Seashell,Seashell,#FFF5EE,255,245,238,25,100,97
Selective,Selective yellow,#FFBA00,255,186,0,44,100,50
Sepia,Sepia,#704214,112,66,20,30,70,26
Shadow,Shadow,#8A795D,138,121,93,37,19,45
Shadow,Shadow blue,#778BA5,119,139,165,214,20,56
Shampoo,Shampoo,#FFCFF1,255,207,241,318,100,91
Shamrock,Shamrock green,#009E60,0,158,96,156,100,31
Sheen,Sheen Green,#8FD400,143,212,0,80,100,42
Shimmering,Shimmering Blush,#D98695,217,134,149,349,52,69
Shiny,Shiny Shamrock,#5FA778,95,167,120,141,29,51
Shocking,Shocking pink,#FC0FC0,252,15,192,315,98,52
Shocking,Shocking pink (Crayola),#FF6FFF,255,111,255,300,100,72
Sienna,Sienna,#882D17,136,45,23,12,71,31
Silver,Silver,#C0C0C0,192,192,192,0,0,75
Silver,Silver chalice,#ACACAC,172,172,172,0,0,67
Silver,Silver Lake blue,#5D89BA,93,137,186,212,40,55
Silver,Silver pink,#C4AEAD,196,174,173,3,16,72
Silver,Silver sand,#BFC1C2,191,193,194,200,2,75
Sinopia,Sinopia,#CB410B,203,65,11,17,90,42
Sizzling,Sizzling Red,#FF3855,255,56,85,351,100,61
Sizzling,Sizzling Sunrise,#FFDB00,255,219,0,52,100,50
Skobeloff,Skobeloff,#007474,0,116,116,180,100,23
Sky,Sky blue,#87CEEB,135,206,235,197,71,73
Sky,Sky magenta,#CF71AF,207,113,175,320,49,63
Slate,Slate blue,#6A5ACD,106,90,205,248,53,58
Slate,Slate gray,#708090,112,128,144,210,13,50
Smalt,Smalt (Dark powder blue),#003399,0,51,153,220,100,30
Slimy,Slimy Green,#299617,41,150,23,111,73,34
Smashed,Smashed Pumpkin,#FF6D3A,255,109,58,16,100,61
Smitten,Smitten,#C84186,200,65,134,329,55,52
Smoke,Smoke,#738276,115,130,118,132,6,48
Smokey,Smokey Topaz,#832A0D,131,42,34,15,59,32
Smoky,Smoky black,#100C08,16,12,8,30,33,5
Smoky,Smoky Topaz,#933D41,147,61,65,357,41,41
Snow,Snow,#FFFAFA,255,250,250,0,100,99
Soap,Soap,#CEC8EF,206,200,239,249,55,86
Solid,Solid pink,#893843,137,56,67,352,42,38
Sonic,Sonic silver,#757575,117,117,117,0,0,46
Spartan,Spartan Crimson,#9E1316,158,19,22,359,79,35
Space,Space cadet,#1D2951,29,41,81,226,47,22
Spanish,Spanish bistre,#807532,128,117,50,52,44,35
Spanish,Spanish blue,#0070B8,0,112,184,203,100,36
Spanish,Spanish carmine,#D10047,209,0,71,340,100,41
Spanish,Spanish crimson,#E51A4C,229,26,76,345,80,50
Spanish,Spanish gray,#989898,152,152,152,0,0,60
Spanish,Spanish green,#009150,0,145,80,153,100,28
Spanish,Spanish orange,#E86100,232,97,0,25,100,45
Spanish,Spanish pink,#F7BFBE,247,191,190,1,78,86
Spanish,Spanish red,#E60026,230,0,38,350,100,45
Spanish,Spanish sky blue,#00FFFF,0,255,255,180,100,50
Spanish,Spanish violet,#4C2882,76,40,130,264,53,33
Spanish,Spanish viridian,#007F5C,0,127,92,163,100,25
Spicy,Spicy mix,#8B5f4D,139,95,77,17,29,42
Spiro,Spiro Disco Ball,#0FC0FC,15,192,252,195,98,52
Spring,Spring bud,#A7FC00,167,252,0,80,100,49
Spring,Spring Frost,#87FF2A,135,255,42,94,100,58
Spring,Spring green,#00FF7F,0,255,127,150,100,50
Star,Star command blue,#007BB8,0,123,184,200,100,36
Steel,Steel blue,#4682B4,70,130,180,207,44,49
Steel,Steel pink,#CC33CC,204,51,204,300,60,50
Steel,Steel Teal,#5F8A8B,95,138,139,181,19,46
Stil,Stil de grain yellow,#FADA5E,250,218,94,48,94,67
Stizza,Stizza,#990000,153,0,0,0,100,30
Stormcloud,Stormcloud,#4F666A,79,102,106,189,15,36
Straw,Straw,#E4D96F,228,217,111,54,68,66
Strawberry,Strawberry,#FC5A8D,252,90,141,341,96,67
Sugar,Sugar Plum,#914E75,145,78,117,325,30,44
Sunburnt,Sunburnt Cyclops,#FF404C,255,64,76,356,100,63
Sunglow,Sunglow,#FFCC33,255,204,51,45,100,60
Sunny,Sunny,#F2F27A,242,242,122,60,82,71
Sunray,Sunray,#E3AB57,227,171,87,36,71,62
Sunset,Sunset,#FAD6A5,250,214,165,35,89,81
Sunset,Sunset orange,#FD5E53,253,94,83,4,98,66
Super,Super pink,#CF6BA9,207,107,169,323,51,62
Sweet,Sweet Brown,#A83731,168,55,49,3,55,43
Tan,Tan,#D2B48C,210,180,140,34,44,69
Tangelo,Tangelo,#F94D00,249,77,0,19,100,49
Tangerine,Tangerine,#F28500,242,133,0,33,100,47
Tangerine,Tangerine yellow,#FFCC00,255,204,0,48,100,50
Tango,Tango pink,#E4717A,228,113,122,355,68,67
Tart,Tart Orange,#FB4D46,251,77,70,2,96,63
Taupe,Taupe,#483C32,72,60,50,27,18,24
Taupe,Taupe gray,#8B8589,139,133,137,320,3,53
Tea,Tea green,#D0F0C0,208,240,192,100,62,85
Tea,Tea rose,#F88379,248,131,121,5,90,72
Tea,Tea rose,#F4C2C2,244,194,194,0,69,86
Teal,Teal,#008080,0,128,128,180,100,25
Teal,Teal blue,#367588,54,117,136,194,43,37
Teal,Teal deer,#99E6B3,153,230,179,140,61,75
Teal,Teal green,#00827F,0,130,127,179,100,25
Telemagenta,Telemagenta,#CF3476,207,52,118,334,62,51
Tenné,Tenné (tawny),#CD5700,205,87,0,25,100,40
Terra,Terra cotta,#E2725B,226,114,91,10,70,62
Thistle,Thistle,#D8BFD8,216,191,216,300,24,80
Thulian,Thulian pink,#DE6FA1,222,111,161,333,63,65
Tickle,Tickle Me Pink,#FC89AC,252,137,172,342,95,76
Tiffany,Tiffany Blue,#0ABAB5,10,186,181,178,90,38
Tiger's,Tiger's eye,#E08D3C,224,141,60,30,73,56
Timberwolf,Timberwolf,#DBD7D2,219,215,210,33,11,84
Titanium,Titanium yellow,#EEE600,238,230,0,58,100,47
Tomato,Tomato,#FF6347,255,99,71,9,100,64
Toolbox,Toolbox,#746CC0,116,108,192,246,40,59
Topaz,Topaz,#FFC87C,255,200,124,35,100,74
Tractor,Tractor red,#FD0E35,253,14,53,350,98,52
Trolley,Trolley Grey,#808080,128,128,128,0,0,50
Tropical,Tropical rain forest,#00755E,0,117,94,168,100,23
Tropical,Tropical violet,#CDA4DE,205,164,222,282,47,76
True,True Blue,#0073CF,0,115,207,207,100,41
Tufts,Tufts Blue,#3E8EDE,62,142,222,210,71,56
Tulip,Tulip,#FF878D,255,135,141,357,100,76
Tumbleweed,Tumbleweed,#DEAA88,222,170,136,24,57,70
Turkish,Turkish rose,#B57281,181,114,129,347,31,58
Turquoise,Turquoise,#40E0D0,64,224,208,174,72,56
Turquoise,Turquoise blue,#00FFEF,0,255,239,176,100,50
Turquoise,Turquoise green,#A0D6B4,160,214,180,142,40,73
Turquoise,Turquoise Surf,#00C5CD,0,197,205,182,100,40
Turtle,Turtle green,#8A9A5B,138,154,91,75,26,48
Tuscan,Tuscan,#FAD6A5,250,214,165,35,89,81
Tuscan,Tuscan brown,#6F4E37,111,78,55,25,34,33
Tuscan,Tuscan red,#7C4848,124,72,72,0,27,38
Tuscan,Tuscan tan,#A67B5B,166,123,91,26,30,50
Tuscany,Tuscany,#C09999,192,153,153,0,24,68
Twilight,Twilight lavender,#8A496B,138,73,107,329,31,41
Tyrian,Tyrian purple,#66023C,102,2,60,325,96,20
UA,UA blue,#0033AA,0,51,170,222,100,33
UA,UA red,#D9004C,217,0,76,339,100,43
Ube,Ube,#8878C3,136,120,195,253,39,62
UCLA,UCLA Blue,#536895,83,104,149,221,28,46
UCLA,UCLA Gold,#FFB300,255,179,0,42,100,50
UFO,UFO Green,#3CD070,60,208,112,141,61,53
Ultramarine,Ultramarine,#3F00FF,18,10,143,244,87,30
Ultramarine,Ultramarine blue,#4166F5,65,102,245,228,90,61
Ultra,Ultra pink,#FF6FFF,255,111,255,300,100,72
Ultra,Ultra red,#FC6C85,252,108,133,350,96,71
Umber,Umber,#635147,99,81,71,21,16,33
Unbleached,Unbleached silk,#FFDDCA,255,221,202,22,100,90
United,United Nations blue,#5B92E5,91,146,229,216,73,63
University,University of California Gold,#B78727,183,135,39,40,65,44
Unmellow,Unmellow yellow,#FFFF66,255,255,102,60,100,70
UP,UP Forest green,#014421,1,68,33,149,97,14
UP,UP Maroon,#7B1113,123,17,19,359,76,27
Upsdell,Upsdell red,#AE2029,174,32,41,356,69,40
Urobilin,Urobilin,#E1AD21,225,173,33,44,76,51
USAFA,USAFA blue,#004F98,0,79,152,209,100,30
USC,USC Cardinal,#990000,153,0,0,0,100,30
USC,USC Gold,#FFCC00,255,204,0,48,100,50
University,University of Tennessee Orange,#F77F00,247,127,0,31,100,48
Utah,Utah Crimson,#D3003F,211,0,63,342,100,41
Van,Van Dyke Brown,#664228,102,66,40,25,44,28
Vanilla,Vanilla,#F3E5AB,243,229,171,48,75,81
Vanilla,Vanilla ice,#F38FA9,243,143,169,344,81,76
Vegas,Vegas gold,#C5B358,197,179,88,50,48,56
Venetian,Venetian red,#C80815,200,8,21,356,92,41
Verdigris,Verdigris,#43B3AE,67,179,174,177,46,48
Vermilion,Vermilion,#E34234,227,66,52,5,76,55
Vermilion,Vermilion,#D9381E,217,56,30,8,76,48
Veronica,Veronica,#A020F0,160,32,240,277,87,53
Very,Very light azure,#74BBFB,116,187,251,208,94,72
Very,Very light blue,#6666FF,102,102,255,240,100,70
Very,Very light malachite green,#64E986,100,233,134,135,75,65
Very,Very light tangelo,#FFB077,255,176,119,25,100,73
Very,Very pale orange,#FFDFBF,255,223,191,30,100,88
Very,Very pale yellow,#FFFFBF,255,255,191,60,100,88
Violet,Violet,#8F00FF,143,0,255,274,100,50
Violet,Violet (color wheel),#7F00FF,127,0,255,270,100,50
Violet,Violet (RYB),#8601AF,134,1,175,286,99,35
Violet,Violet (web),#EE82EE,238,130,238,300,76,72
Violet-blue,Violet-blue,#324AB2,50,74,178,229,56,45
Violet-red,Violet-red,#F75394,247,83,148,336,91,65
Viridian,Viridian,#40826D,64,130,109,161,34,38
Viridian,Viridian green,#009698,0,150,152,181,100,30
Vista,Vista blue,#7C9ED9,124,158,217,218,55,67
Vivid,Vivid amber,#CC9900,204,153,0,45,100,40
Vivid,Vivid auburn,#922724,146,39,36,2,60,36
Vivid,Vivid burgundy,#9F1D35,159,29,53,349,69,37
Vivid,Vivid cerise,#DA1D81,218,29,129,328,77,48
Vivid,Vivid cerulean,#00AAEE,0,170,238,197,100,47
Vivid,Vivid crimson,#CC0033,204,0,51,345,100,40
Vivid,Vivid gamboge,#FF9900,255,153,0,36,100,50
Vivid,Vivid lime green,#A6D608,166,214,8,74,93,44
Vivid,Vivid malachite,#00CC33,0,204,51,135,100,40
Vivid,Vivid mulberry,#B80CE3,184,12,227,288,90,47
Vivid,Vivid orange,#FF5F00,255,95,0,22,100,50
Vivid,Vivid orange peel,#FFA000,255,160,0,18,100,50
Vivid,Vivid orchid,#CC00FF,204,0,255,288,100,50
Vivid,Vivid raspberry,#FF006C,255,0,108,335,100,50
Vivid,Vivid red,#F70D1A,247,13,26,357,94,51
Vivid,Vivid red-tangelo,#DF6124,223,97,36,20,75,51
Vivid,Vivid sky blue,#00CCFF,0,204,255,192,100,50
Vivid,Vivid tangelo,#F07427,240,116,39,23,87,55
Vivid,Vivid tangerine,#FFA089,255,160,137,12,100,77
Vivid,Vivid vermilion,#E56024,229,96,36,19,79,52
Vivid,Vivid violet,#9F00FF,159,0,255,277,100,50
Vivid,Vivid yellow,#FFE302,255,227,2,53,100,50
Volt,Volt,#CEFF00,205,255,0,72,100,50
Wageningen,Wageningen Green,#34B233,52,178,51,120,56,45
Warm,Warm black,#004242,0,66,66,180,100,13
Waterspout,Waterspout,#A4F4F9,164,244,249,184,88,81
Weldon,Weldon Blue,#7C98AB,124,152,171,204,22,58
Wenge,Wenge,#645452,100,84,82,7,10,36
Wheat,Wheat,#F5DEB3,245,222,179,39,77,83
White,White,#FFFFFF,255,255,255,0,0,100
White,White smoke,#F5F5F5,245,245,245,0,0,96
Wild,Wild blue yonder,#A2ADD0,162,173,208,226,33,73
Wild,Wild orchid,#D470A2,212,112,162,330,54,64
Wild,Wild Strawberry,#FF43A4,255,67,164,329,100,63
Wild,Wild watermelon,#FC6C85,252,108,133,350,96,71
Willpower,Willpower orange,#FD5800,253,88,0,21,100,50
Windsor,Windsor tan,#A75502,167,85,2,30,98,33
Wine,Wine,#722F37,114,47,55,353,42,32
Wine,Wine dregs,#673147,103,49,71,336,36,30
Winter,Winter Sky,#FF007C,255,0,124,331,100,50
Winter,Winter Wizard,#A0E6FF,160,230,255,196,100,81
Wintergreen,Wintergreen Dream,#56887D,86,136,125,167,23,44
Wisteria,Wisteria,#C9A0DC,201,160,220,281,46,75
Wood,Wood brown,#C19A6B,193,154,107,33,41,59
Xanadu,Xanadu,#738678,115,134,120,136,8,49
Yale,Yale Blue,#0F4D92,15,77,146,212,81,32
Yankees,Yankees blue,#1C2841,28,40,65,221,40,18
Yellow,Yellow,#FFFF00,255,255,0,60,100,50
Yellow,Yellow (Crayola),#FCE883,252,232,131,50,95,75
Yellow,Yellow (Munsell),#EFCC00,239,204,0,51,100,47
Yellow,Yellow (NCS),#FFD300,255,211,0,50,100,50
Yellow,Yellow (Pantone),#FEDF00,254,223,0,53,100,50
Yellow,Yellow (process),#FFEF00,255,239,0,56,100,50
Yellow,Yellow (RYB),#FEFE33,254,254,51,60,99,60
Yellow-green,Yellow-green,#9ACD32,154,205,50,80,61,50
Yellow,Yellow Orange,#FFAE42,255,174,66,34,100,63
Yellow,Yellow rose,#FFF000,255,240,0,56,100,50
Yellow,Yellow Sunshine,#FFF700,255,247,0,58,100,50
Zaffre,Zaffre,#0014A8,0,20,168,233,100,33
Zinnwaldite,Zinnwaldite brown,#2C1608,44,22,8,23,69,10
Zomp,Zomp,#39A78E,57,167,142,166,49,44
