Summit,Arena
Zenith,Arena
Pinnacle,Arena
Chord,Arena
Forum,Arena
Assembly,Arena
Amphitheatre,Arena
Pit,Arena
Coliseum,Arena
Ward,Bank
Archive,Bank
Aegis,Bank
Charter,Bank
Statute,Bank
Vault,Bank
Ledger,Bank
Saga,Bank
Exchequer,Bank
Repository,Bank
Imperial Vault,Bank
Grand Repository,Bank
Scholar's Crypt,Bank
Citadel,Guild
Nexus,Guild
Blade,Guild
Oath,Guild
Shadow,Guild
Pact,Guild
Serpent,Guild
Tribunal,Guild
Whisper,Guild
Sentinel,Guild
Covenant,Guild
Collegium,Guild
Athenaeum,Guild
Academia,Guild
Council,Guild
Chapter,Guild
Edict,Guild
Guildhall,Guild
Crest,Guild
Heraldry,Guild
Conclave,Guild
Order,Guild
Chapterhouse,Guild
Syndicate,Guild
Keepers,Guild
University,Guild
Grand Collegium,Guild
Hall,Guild
Chamber,Guild
Promise,House
Keep,House
Hearth,House
Hearthguard,House
Crypt,House
Colony,House
Manse,House
Quarters,House
Waypoint Inn,House
Canopy,Service Provider
Veil,Service Provider
Crossroads,Service Provider
Lore,Service Provider
Glyph,Service Provider
Resonance,Service Provider
Insight,Service Provider
Fate,Service Provider
Echo,Service Provider
Guard,Service Provider
Phoenix,Service Provider
Meridian,Service Provider
Sigil,Service Provider
Aether,Service Provider
Vanguard,Service Provider
Observatory,Service Provider
Compass,Service Provider
Beacon,Service Provider
Gate,Service Provider
Echoes,Service Provider
Conduit,Service Provider
Dream,Service Provider
Keystone,Service Provider
Oracle,Service Provider
Doctrine,Service Provider
Pillar,Service Provider
Schema,Service Provider
Paradigm,Service Provider
Thesis,Service Provider
Dialect,Service Provider
Mortar,Service Provider
Astrolabe,Service Provider
Cartography,Service Provider
Discipline,Service Provider
Tavern,Service Provider
Seer's Loft,Service Provider
Petition Office,Service Provider
Mire,Store
Scroll,Store
Bloom,Store
Dragonbone,Store
Rune,Store
Loom,Store
Bazaar,Store
Quill,Store
Ember,Store
Codex,Store
Tome,Store
Pestle,Store
Manuscript,Store
Weaver,Store
Artisanat,Store
Emporium,Store
Apothecary,Store
Curiosity Shop,Store
Marketplace,Store
Emporium,Store
Grove,Training Hall
Whisperwood,Training Hall
Caverns,Training Hall
Craft,Training Hall
Crucible,Training Hall
Stream,Training Hall
Glyphstone,Training Hall
Scriptorium,Training Hall
Lyceum,Training Hall
Sanctuary,Training Hall
Canon,Training Hall
Curriculum,Training Hall
School,Training Hall
Hall,Training Hall
Dojo,Training Hall
Mage's Ward,Training Hall
